CustomerID,Amount,Frequency,Recency,Cluster_Id
12357.0,6207.67,131,182,2
12359.0,6245.53,254,9,0
12362.0,5154.58,274,12,0
12409.0,11056.93,114,65,2
12428.0,7877.2,300,26,3
12431.0,6416.39,240,2,0
12432.0,5059.32,108,43,3
12433.0,13375.87,420,10,0
12435.0,7829.89,36,80,2
12437.0,4896.66,201,9,0
12444.0,5005.46,177,0,0
12451.0,8933.52,355,11,0
12471.0,18740.92,531,0,1
12472.0,6229.48,391,52,3
12474.0,7116.47,457,3,0
12476.0,6546.58,264,16,0
12477.0,13117.01,308,23,0
12481.0,5590.86,218,23,3
12490.0,5417.93,245,18,3
12540.0,13309.039999999999,481,20,0
12557.0,11990.960000000001,33,17,0
12567.0,9114.94,463,23,0
12583.0,7187.34,251,0,0
12590.0,9861.38,70,5,0
12621.0,13612.07,474,5,0
12626.0,6388.35,307,24,3
12637.0,5953.25,394,92,2
12664.0,4863.88,38,0,0
12678.0,17588.26,167,43,3
12681.0,13677.59,646,15,1
12682.0,12288.22,525,2,0
12683.0,8221.09,362,5,0
12688.0,4873.8099999999995,171,114,2
12700.0,4867.99,270,127,2
12705.0,6814.24,348,16,0
12709.0,9294.1,257,0,0
12714.0,4708.86,259,10,0
12720.0,5713.28,359,3,0
12731.0,18793.41,277,24,1
12744.0,9120.39,229,52,3
12753.0,21024.01,230,23,1
12766.0,6989.63,310,58,2
12798.0,6977.04,8,11,0
12830.0,6748.4,39,92,2
12839.0,5583.62,316,12,0
12901.0,16293.1,125,11,0
12921.0,16389.74,741,4,1
12939.0,11581.8,47,37,3
12955.0,4734.26,183,17,3
12971.0,10930.26,308,9,0
12980.0,7092.06,24,9,0
12989.0,6854.51,68,1,0
13001.0,9797.92,342,23,0
13004.0,5613.43,409,12,0
13013.0,4786.99,222,3,0
13018.0,7272.75,459,17,0
13027.0,6912.0,26,114,2
13050.0,5684.61,422,9,0
13078.0,12432.28,380,0,0
13090.0,8689.39,161,20,0
13093.0,7741.47,170,9,0
13097.0,5893.32,437,78,2
13102.0,6336.29,310,24,3
13113.0,10510.0,280,5,0
13139.0,5055.79,174,17,3
13178.0,5725.47,265,27,3
13199.0,9803.96,120,11,0
13209.0,5820.16,329,90,2
13225.0,6083.04,34,61,2
13263.0,7454.07,1677,5,1
13269.0,5315.92,320,1,0
13316.0,5815.49,88,80,2
13319.0,10664.34,500,0,0
13324.0,7072.8,77,6,0
13340.0,10736.48,134,46,3
13418.0,5845.44,314,12,0
13458.0,9537.92,394,6,0
13468.0,5656.75,306,0,0
13488.0,8910.61,427,9,0
13534.0,5613.08,342,38,3
13576.0,6703.3,130,11,0
13599.0,5030.6,264,3,0
13629.0,7792.36,59,24,3
13668.0,6216.07,501,11,0
13709.0,6249.110000000001,346,0,0
13756.0,5145.12,143,19,3
13767.0,16945.71,399,26,1
13777.0,25748.350000000002,219,10,1
13854.0,8025.0199999999995,114,1,0
13871.0,6389.8,338,23,3
13881.0,16989.52,180,12,0
13941.0,4912.41,47,22,3
13969.0,8986.69,633,17,0
13985.0,7024.53,353,0,0
14004.0,4582.64,171,44,3
14031.0,14634.640000000001,258,22,0
14049.0,5639.15,505,17,0
14051.0,15477.34,215,18,0
14056.0,8124.4,1128,16,1
14057.0,6147.4,291,24,3
14060.0,6135.38,203,23,3
14062.0,10464.85,111,10,0
14101.0,5976.79,35,74,2
14110.0,5669.65,157,1,0
14135.0,4690.31,134,39,3
14159.0,4678.3,1212,20,0
14180.0,4640.77,248,11,0
14189.0,4604.31,277,10,0
14191.0,4660.01,263,10,0
14194.0,11216.75,604,9,0
14258.0,12650.08,112,10,0
14286.0,4595.81,285,1,0
14292.0,4819.33,108,1,0
14329.0,4928.74,269,18,3
14367.0,9167.82,533,22,0
14390.0,4592.47,291,5,0
14415.0,5811.56,612,20,0
14505.0,5818.7,803,18,0
14527.0,7711.38,1011,0,1
14562.0,4709.22,446,12,0
14606.0,11713.85,2782,5,1
14607.0,11341.1,114,16,0
14667.0,9231.2,576,11,0
14688.0,5107.38,359,0,0
14709.0,4911.14,197,16,3
14733.0,9451.54,216,10,0
14735.0,5807.6900000000005,205,12,0
14755.0,4965.38,237,10,0
14769.0,10641.6,1094,78,1
14796.0,7839.51,1165,23,1
14849.0,7904.28,392,2,0
14866.0,14197.45,103,11,0
14895.0,11020.26,506,41,3
14936.0,8117.42,366,10,0
14944.0,5842.95,172,60,2
14952.0,7912.79,149,1,0
14961.0,7006.58,317,6,0
15005.0,6180.49,1160,16,1
15023.0,6763.16,563,40,3
15039.0,19786.44,1508,10,1
15044.0,7629.38,461,6,0
15046.0,5064.01,207,10,0
15078.0,9623.35,451,12,0
15125.0,11117.05,140,26,3
15144.0,6530.04,218,0,0
15150.0,5303.97,344,18,0
15152.0,4684.24,278,10,0
15159.0,18573.68,720,19,1
15187.0,4670.08,93,16,3
15189.0,15802.14,232,6,0
15194.0,7521.17,326,4,0
15218.0,5756.89,166,11,0
15249.0,6657.36,358,2,0
15251.0,10327.11,121,3,0
15290.0,7803.7699999999995,212,43,3
15291.0,4596.51,109,4,0
15301.0,5028.12,247,51,3
15358.0,8234.8,561,1,0
15382.0,5927.86,306,15,0
15465.0,6945.0199999999995,104,4,0
15482.0,6568.72,127,16,0
15498.0,12396.46,523,5,0
15502.0,5541.46,252,16,0
15513.0,14520.08,314,5,0
15547.0,4954.84,702,31,3
15555.0,4758.2,925,0,0
15601.0,6745.36,414,12,0
15615.0,10360.04,429,11,0
15640.0,12433.34,495,17,0
15694.0,6423.6,79,26,3
15719.0,5043.96,938,3,0
15727.0,5178.96,302,9,0
15738.0,4788.77,176,19,3
15749.0,21535.9,15,39,1
15786.0,4834.2,280,44,3
15805.0,5452.17,307,24,3
15856.0,16173.67,653,33,1
15903.0,5126.34,75,10,0
15939.0,6102.26,77,4,0
16000.0,12393.7,9,151,2
16033.0,8727.61,1152,5,1
16126.0,6287.77,117,60,2
16133.0,14305.66,365,17,0
16161.0,5352.97,502,15,0
16180.0,10217.48,176,32,3
16182.0,6617.65,28,73,2
16187.0,6841.24,297,0,0
16191.0,4913.32,151,1,0
16210.0,21086.3,123,10,1
16258.0,5203.51,135,46,3
16265.0,5423.15,260,10,0
16303.0,5305.83,167,26,3
16353.0,6675.71,94,9,0
16523.0,9295.67,298,16,0
16525.0,11895.57,200,9,0
16532.0,6748.8,4,18,3
16553.0,5664.57,86,6,0
16558.0,8257.04,474,6,0
16609.0,5450.96,280,3,0
16652.0,6654.26,123,0,0
16656.0,8568.24,80,3,0
16672.0,8093.59,117,6,0
16700.0,5040.0,312,3,0
16701.0,5150.2699999999995,154,3,0
16705.0,13946.130000000001,284,0,0
16713.0,6840.2300000000005,632,0,0
16722.0,4711.21,228,18,3
16729.0,7076.28,668,6,0
16745.0,7170.7,358,2,0
16746.0,6694.31,452,2,0
16767.0,5580.6,222,65,2
16779.0,10454.05,344,9,0
16814.0,6500.6,325,6,0
16839.0,15357.78,298,1,0
16843.0,10183.82,379,6,0
16873.0,7066.31,289,58,2
16923.0,6666.83,696,13,0
16931.0,4604.22,898,20,0
16985.0,5461.62,121,1,0
17017.0,8574.11,268,0,0
17049.0,5594.78,322,22,3
17061.0,5116.13,101,74,2
17107.0,10380.43,421,76,2
17133.0,4892.240000000001,27,16,3
17139.0,10585.57,487,1,0
17243.0,8628.55,407,15,0
17306.0,8600.73,69,11,0
17315.0,6204.46,487,5,0
17338.0,6612.18,757,9,0
17340.0,11891.18,424,10,0
17365.0,4801.56,468,13,0
17381.0,20272.43,110,2,1
17396.0,7330.8,27,40,3
17416.0,6838.34,271,60,2
17426.0,5022.26,272,92,2
17428.0,17078.45,343,6,1
17509.0,6100.74,369,58,2
17581.0,10736.11,452,66,2
17602.0,5050.77,565,24,0
17652.0,4737.13,270,26,3
17675.0,20098.1,721,3,1
17677.0,16219.22,321,29,0
17686.0,5739.46,286,32,3
17690.0,4748.45,258,46,3
17706.0,10097.37,395,33,3
17716.0,5505.79,254,23,3
17719.0,5367.8,278,1,0
17730.0,5288.83,220,26,3
17735.0,13110.02,690,109,2
17757.0,5585.49,742,14,0
17809.0,4627.62,64,17,3
17811.0,7677.71,872,1,0
17850.0,5288.63,312,69,2
17858.0,5155.66,199,2,0
17865.0,10158.54,389,1,0
18055.0,6752.14,363,40,3
18092.0,9065.76,90,2,0
18109.0,7925.32,454,4,0
18118.0,5595.77,1284,11,1
18139.0,8393.22,162,18,0
18172.0,7490.17,197,4,0
18198.0,5083.06,166,72,2
18223.0,6315.2300000000005,299,1,0
18225.0,5361.02,286,22,3
18226.0,5192.1,245,9,0
18229.0,7276.900000000001,164,0,0
